V1,V2,V3,V4,V5,V6,V7,V8,V9,V10,V11,V12,V13
37060.55859375,36955.043,37229.383,37141.062,37114.49,37233.68,37366.94,37057.43,37114.49,37234.07,37045.707,37288.78,37087.133
3685.976318359375,3673.564,3706.4756,3696.226,3691.8064,3707.181,3723.1665,3685.7883,3692.2766,3707.745,3684.0017,3713.528,3688.8914
9691.671875,9718.402,9668.191,9648.83,9669.203,9694.562,9666.964,9695.067,9690.516,9690.949,9733.213,9694.923,9690.949
2133.878173828125,2091.9565,2130.728,2117.6426,2126.0027,2139.2092,2190.0967,2108.1921,2138.9668,2168.2878,2100.9224,2170.5898,2100.4377
1351.2557373046875,1305.1273,1425.8026,1393.4716,1392.8538,1420.6543,1472.7548,1334.7812,1374.5259,1453.1914,1320.7781,1444.5422,1324.0729
422.1072998046875,399.85602,446.21283,432.43823,432.87973,449.7448,477.5589,412.21783,429.78928,462.19495,410.80505,462.10663,408.33267
3337.765625,3302.7544,3342.2832,3463.4104,3403.2703,3349.3418,3221.4382,3414.5642,3385.4824,3310.3777,3312.919,3342.2832,3452.1165
2935.1259765625,2830.659,2810.6284,2992.7524,2948.685,2908.316,2702.1553,2839.2876,2879.3486,2817.408,2743.4492,2791.5225,2891.9834
6894.7822265625,6810.727,6587.557,6873.931,6733.8394,6758.274,6576.1543,6575.1772,6639.359,6601.892,6554.0005,6507.4116,6726.0205
5070.9951171875,5121.346,5032.263,5010.176,5006.1978,5069.111,5050.5825,5081.0444,5064.9233,5061.3643,5139.5605,5061.9927,5064.819
344.7415466308594,335.51483,354.60217,347.8406,345.09372,353.33435,366.29404,340.65643,348.26318,358.37033,341.14948,359.67334,343.19202
1050.8179931640625,1046.7017,1051.3414,1044.9784,1049.1119,1044.6385,1050.2828,1048.5095,1050.8416,1048.6067,1036.7727,1041.1348,1043.0599
2284.640380859375,2270.7732,2247.9304,2289.7693,2272.4353,2264.647,2250.0676,2248.0254,2238.765,2246.411,2223.6868,2214.64,2252.727
2290.204345703125,2279.217,2253.247,2295.7217,2277.5046,2270.4177,2255.4824,2256.9094,2240.928,2254.6265,2229.4888,2219.762,2253.4849
4193.76123046875,4116.7744,3888.2197,4170.39,3986.5154,4033.9448,3853.1633,3939.7734,3946.3037,3892.0005,3905.4043,3816.0447,4045.974
4193.76123046875,4116.7744,3888.2197,4170.39,3986.5154,4033.9448,3853.1633,3939.7734,3946.3037,3892.0005,3905.4043,3816.0447,4045.974
12084.72265625,12123.167,12050.958,12039.09,12039.09,12085.308,12074.024,12093.999,12079.123,12075.111,12142.724,12071.769,12082.8
4309.88037109375,4288.994,4332.325,4318.7646,4309.101,4329.8315,4358.121,4301.152,4318.141,4341.5215,4301.7754,4346.1973,4309.101
2513.3935546875,2376.0369,2510.7375,2489.8684,2541.4722,2506.5637,2742.1953,2457.6162,2567.6533,2637.0908,2377.5544,2587.3843,2406.7712
3970.300048828125,3889.0454,4026.288,3990.3984,4016.8132,4037.4858,4145.7295,3932.9746,3988.1013,4092.3254,3907.995,4084.5732,3893.065
1700.5009765625,1652.5807,1762.2988,1726.738,1743.4342,1749.2888,1826.0481,1679.2512,1716.9805,1796.5586,1644.341,1785.0664,1635.6676
3783.152099609375,3718.8708,3760.6626,3671.7664,3827.423,3594.5247,3713.0269,3765.8865,3699.48,3744.902,3484.2346,3588.4817,3583.0032
743.7977294921875,730.0082,748.9159,742.57104,745.4051,750.26953,767.7814,737.02985,745.0244,758.94086,736.353,759.7022,732.37695
7355.87158203125,7270.931,7580.8994,7561.883,7572.025,7248.7456,7311.4995,7455.3906,7544.768,7350.1665,7170.144,7435.74,7426.866
1128.829833984375,1115.2103,1085.4451,1133.6626,1116.2538,1101.7556,1090.5524,1088.795,1072.8141,1092.3647,1059.222,1046.8931,1089.0148
2661.238525390625,2604.656,2700.6003,2649.2659,2652.218,2686.0037,2757.1829,2619.7446,2650.25,2728.9736,2636.1453,2721.9211,2620.7288
1490.44921875,1385.3894,1587.0237,1502.5715,1532.8773,1592.6807,1719.9648,1425.797,1520.351,1676.7286,1431.4541,1647.6351,1411.2502
5206.46875,5168.2627,4527.896,5093.5117,4882.548,4681.551,4510.454,5163.2793,4862.6143,4870.0894,4814.4414,4882.548,5417.4326
663.1197509765625,650.45557,654.67694,650.4847,675.5692,643.2792,666.06744,651.64923,649.75684,655.4921,611.1238,627.398,621.5754
3414.044189453125,3332.1755,3419.8918,3391.7163,3450.4597,3418.0312,3541.366,3367.5278,3373.3755,3474.6482,3264.1287,3415.3733,3249.5093
879.314697265625,855.72473,869.844,866.36847,882.0951,837.2177,837.3915,863.76184,862.45856,865.6734,794.66455,834.65454,831.9176
4446.267578125,4387.2656,4446.634,4575.2656,4514.065,4404.856,4270.361,4452.131,4418.782,4447.7334,4374.8057,4503.437,4546.6807
1318.329833984375,1274.869,1340.3947,1333.1735,1337.8539,1352.5637,1394.9547,1304.2887,1327.2896,1361.9244,1278.8809,1359.7849,1283.695
1240.0166015625,1222.7592,1190.0579,1238.9174,1214.5151,1205.7214,1175.8232,1231.4978,1210.7229,1213.5808,1202.9186,1221.55,1245.8424
1005.9872436523438,978.39087,1016.38446,1004.3353,1028.8223,1022.60333,1065.9413,992.57776,1006.3759,1033.4865,969.9371,1025.6156,973.24084
17605.388671875,17064.918,16758.844,17489.266,17357.375,16412.27,16353.85,17211.863,16849.16,17651.264,15363.585,16039.889,16758.844
2892.480712890625,2890.4856,2891.9724,2893.5005,2905.3142,2887.0586,2891.7632,2893.5005,2890.5078,2887.943,2867.5046,2873.7363,2873.1611
3090.52685546875,3078.5322,3101.1743,3093.9165,3095.3508,3102.7822,3115.3853,3083.5735,3092.6562,3109.9963,3085.2249,3107.5627,3082.8782
5757.47509765625,5741.8677,5717.381,5761.027,5734.2793,5726.8525,5711.73,5717.9727,5711.2993,5721.417,5691.064,5682.345,5727.929
5752.03076171875,5736.5513,5711.9346,5755.3633,5728.6504,5721.1255,5706.291,5712.3647,5705.6997,5715.858,5685.49,5676.864,5722.093
6210.54443359375,6210.7495,6214.228,6219.769,6219.9805,6212.191,6211.147,6213.1846,6220.825,6211.4453,6203.3823,6204.5938,6205.749
6216.28369140625,6216.178,6219.4146,6222.005,6222.1353,6216.6626,6218.216,6216.3584,6223.8374,6216.731,6205.223,6208.563,6208.109
6213.69384765625,6213.8926,6217.1753,6221.2964,6221.5815,6214.668,6215.0527,6215.27,6222.7607,6214.457,6204.7695,6207.022,6207.168
5746.52001953125,5731.378,5706.409,5749.7417,5723.0547,5715.43,5700.771,5706.7314,5700.1265,5710.2754,5679.937,5671.3994,5716.1816
2895.017822265625,2880.1445,2900.218,2893.1267,2896.1814,2900.4727,2910.8003,2886.9084,2896.0361,2908.2546,2884.799,2904.7273,2885.6719
3350.58984375,3360.4966,3343.404,3369.1125,3351.9502,3351.741,3336.9507,3359.6943,3358.5432,3359.4502,3343.3691,3356.8687,3373.6475
2893.764404296875,2878.8936,2898.9639,2891.8738,2894.928,2899.2546,2909.5806,2885.729,2894.8916,2907.0718,2883.5476,2903.5452,2884.5657
3085.28466796875,3091.8674,3065.4412,3081.8503,3075.5537,3085.0464,3067.5876,3094.4434,3082.4705,3068.8757,3101.7893,3060.7664,3068.828
3217.875244140625,3204.6545,3229.3193,3221.924,3221.8413,3230.4348,3241.879,3213.5784,3224.7747,3238.1194,3215.9746,3236.9211,3219.6104
3219.29541015625,3205.993,3230.656,3223.2612,3223.1787,3231.7715,3243.256,3214.9163,3226.1118,3239.4553,3217.395,3238.2573,3220.9478
6743.19482421875,6747.165,6695.034,6694.3726,6701.5566,6702.7383,6689.8354,6744.802,6716.775,6731.0957,6733.459,6728.118,6734.026
7139.326171875,7119.2227,7154.7793,7139.9263,7137.976,7149.9785,7185.835,7131.525,7145.0273,7166.4062,7132.875,7171.657,7131.675
1853.4742431640625,1821.7039,1784.7864,1859.1538,1819.3965,1802.8014,1776.7994,1800.139,1784.0764,1790.7322,1752.8385,1737.3083,1808.3035
2504.4599609375,2500.377,2509.938,2505.719,2505.651,2509.0364,2515.28,2502.1123,2505.821,2512.9663,2503.8474,2512.49,2503.8816
4882.8955078125,4882.6455,4781.2017,4885.6475,4835.1133,4835.4883,4792.8345,4873.639,4854.6265,4837.865,4829.6094,4841.7427,4904.66
2707.087890625,2616.7756,2535.7454,2738.1956,2639.8555,2648.8867,2517.6829,2594.9502,2576.8877,2559.327,2509.655,2459.9834,2712.607
2377.13134765625,2382.9077,2323.7693,2410.8682,2337.3257,2388.7676,2311.751,2357.082,2355.8054,2394.544,2436.2334,2351.4941,2414.8862
3516.1826171875,3477.6997,3544.2563,3517.76,3511.1357,3539.2095,3607.3433,3497.5723,3534.1626,3567.1252,3495.9949,3582.5815,3503.25
2199.611572265625,2407.348,2292.5464,2424.899,2380.5896,2545.743,2269.5283,2438.422,2354.6946,2376.5615,2477.2646,2248.2368,2499.1318
9057.5634765625,9079.476,9031.034,9044.991,9048.365,9065.128,9044.53,9062.429,9062.429,9062.997,9088.496,9063.21,9054.402
10845.5634765625,10784.96,10725.562,10953.504,10818.729,10873.905,10671.29,10787.07,10799.733,10679.129,10664.657,10558.826,10823.251
7153.7177734375,7144.8896,7096.4565,7182.426,7127.109,7137.234,7071.0513,7148.1616,7130.5664,7140.4443,7128.3438,7129.8257,7173.659
6180.95556640625,6185.9097,6141.5947,6127.2754,6135.962,6169.1475,6141.7305,6191.203,6148.9917,6169.6904,6203.69,6157.9497,6169.894
13792.009765625,13787.895,13579.906,14020.571,13855.603,13780.787,13563.447,13701.108,13677.915,13774.802,13362.754,13565.317,13787.5205
19268.3515625,19246.422,18998.178,19527.996,19324.053,19257.387,18981.512,19137.65,19126.686,19240.281,18769.232,19012.213,19276.684
7429.794921875,7426.651,7372.278,7375.779,7381.709,7390.4976,7367.3477,7403.644,7388.7827,7387.568,7418.2197,7383.138,7383.8525
13219.224609375,13313.0205,13143.871,13136.143,13151.775,13224.845,13190.066,13223.439,13218.873,13222.737,13337.61,13203.943,13225.196
6983.25927734375,6963.9424,7008.83,6993.2344,6986.901,7006.059,7033.5303,6975.026,6990.8594,7015.0054,6976.6094,7018.4883,6981.2007
6978.13916015625,6958.173,7007.2705,6990.0864,6984.522,7003.425,7032.392,6970.1196,6985.831,7014.0625,6972.902,7016.3535,6976.666
2614.620361328125,2612.2603,2617.7937,2616.1477,2615.6519,2617.5261,2621.3738,2613.7083,2615.3345,2617.7046,2613.0735,2619.1226,2614.0254
1952.74658203125,1923.2197,1994.005,1977.0007,1979.5052,1999.2776,2031.5725,1940.6195,1967.3782,2015.7546,1935.3469,2008.7684,1932.7106
1952.7454833984375,1923.2227,1993.9983,1976.9963,1979.3688,1999.4021,2031.5608,1940.6201,1967.3751,2015.7451,1935.0846,2008.7598,1932.7122
1952.74658203125,1923.2197,1994.005,1977.0007,1979.5052,1999.2776,2031.5725,1940.6195,1967.3782,2015.7546,1935.3469,2008.7684,1932.7106
4060.04931640625,3952.2886,3792.619,4061.3633,3914.5066,3920.4204,3764.3645,3756.4795,3799.518,3782.1055,3702.599,3649.0474,3899.0654
24268.345703125,24092.135,24089.8,24176.885,24129.186,24095.928,24127.145,24072.297,24277.098,24214.666,23984.484,24201.537,24164.777
692.4625244140625,673.2256,721.6524,699.8227,691.7934,713.7067,746.6604,683.76404,697.48083,723.3252,682.42584,723.49243,687.61145
3986.398193359375,3975.3726,3805.9617,3750.6223,3793.24,3842.4307,3823.7722,3963.499,3830.345,3881.232,3935.9353,3817.1992,3856.8486
3903.775634765625,3911.0332,3744.1064,3668.4739,3746.3984,3778.867,3764.7336,3883.1484,3757.476,3820.6943,3885.0583,3778.103,3804.46
1363.83544921875,1321.2937,1363.683,1426.3522,1419.1855,1360.176,1269.5269,1385.9451,1366.1227,1368.105,1302.0813,1328.4602,1371.1545
1445.5931396484375,1429.4395,1324.8584,1324.1621,1341.2905,1392.9545,1352.988,1456.4551,1370.8129,1394.6255,1469.8237,1374.4335,1329.1753
24794.759765625,24828.238,24744.18,24948.666,24800.54,24801.262,24658.916,24758.148,24729.848,24833.055,24607.252,24726.236,24765.133
4422.560546875,4421.3794,4423.864,4422.706,4422.3877,4423.2964,4425.045,4421.4795,4422.488,4424.677,4421.997,4423.891,4421.6885
5844.404296875,5993.1846,5797.2065,5792.6543,5928.4976,6031.518,5929.935,5954.8516,5934.7266,5865.4873,6034.872,5841.2896,5931.3726
5855.26171875,6005.7246,5807.9736,5802.003,5938.3745,6039.638,5938.3745,5964.6455,5946.972,5878.1895,6049.1914,5854.5454,5942.6733
17313.044921875,17446.404,17213.697,17201.707,17229.113,17325.28,17277.318,17339.717,17315.002,17319.65,17498.77,17270.467,17326.502
17328.234375,17465.795,17235.072,17223.67,17254.725,17346.916,17297.424,17363.898,17334.543,17342.549,17523.05,17289.902,17344.248
1089.79248046875,1090.9392,1088.3428,1089.205,1088.6962,1089.9653,1088.9774,1089.9829,1089.9829,1090.8319,1091.9851,1089.9062,1090.206
12017.009765625,12011.403,11946.178,11946.411,11958.09,11975.024,11970.002,11994.002,11977.01,11982.557,12015.141,11974.44,11969.01
1266.58447265625,1267.3065,1256.8213,1273.4517,1262.9263,1261.6748,1252.5935,1265.0442,1258.5621,1263.9852,1255.2089,1260.8566,1260.5035
1886.3817138671875,1896.7369,1879.1282,1880.5659,1878.4496,1885.7031,1884.75,1888.7726,1886.5756,1884.8632,1898.0616,1888.3525,1885.4286
20116.642578125,20224.11,20040.145,20048.682,20030.436,20108.273,20100.74,20137.734,20115.973,20100.74,20234.154,20130.871,20097.059
23701.119140625,23577.494,23853.43,23797.273,23764.953,23876.863,24006.549,23692.232,23760.912,23901.508,23687.383,23927.363,23743.137
1728.2259521484375,1734.3512,1724.088,1723.393,1723.9795,1729.0621,1727.8024,1729.8876,1728.8667,1729.1382,1735.8717,1729.0513,1730.1156
1821.4359130859375,1819.9908,1801.9769,1806.0381,1808.6543,1811.8185,1805.2657,1819.044,1814.3848,1811.5444,1821.5853,1808.7041,1807.6327
1545.78271484375,1540.5522,1519.2513,1543.6602,1528.1204,1529.5227,1511.254,1523.7616,1522.1697,1518.6449,1513.4144,1507.1605,1530.6218
11327.39453125,11351.184,11304.947,11301.198,11304.393,11332.069,11317.583,11335.263,11327.163,11330.079,11359.052,11326.469,11329.755
480.10906982421875,475.03497,487.79666,486.54343,484.78583,486.39056,491.5411,480.9344,485.13733,488.1176,477.6943,488.56082,480.3842
615.5906372070312,613.3524,620.9654,620.4934,617.08276,615.57544,626.65985,615.04254,620.5847,618.42267,609.0892,619.96045,611.7385
15618.947265625,15561.794,15677.077,15631.647,15610.643,15659.9795,15764.271,15597.942,15645.813,15700.28,15593.057,15713.958,15606.734
11503.7041015625,11514.153,11463.115,11443.315,11443.976,11473.18,11453.985,11483.079,11478.955,11483.685,11518.113,11471.53,11477.085
9737.0888671875,9761.131,9714.654,9704.369,9722.368,9749.624,9724.232,9747.889,9744.546,9739.532,9775.145,9745.253,9746.024
15779.8662109375,15758.028,15647.167,15671.96,15684.035,15687.632,15651.663,15732.85,15709.342,15697.395,15735.162,15689.944,15702.533
4161.13623046875,4162.905,4109.9595,4094.1255,4117.6416,4144.501,4133.8896,4158.9253,4152.68,4149.862,4184.4585,4141.3506,4139.3613
1062.0653076171875,1056.6027,1066.4354,1062.8636,1061.393,1065.553,1074.0621,1059.67,1064.7125,1069.734,1059.9222,1070.8265,1061.0148
9128.046875,9139.678,9112.867,9106.858,9115.889,9126.957,9115.994,9129.698,9127.871,9125.728,9145.44,9128.223,9128.434
2146.14453125,2151.5095,2142.7397,2142.3992,2143.0803,2147.2212,2145.8777,2147.7734,2146.7705,2147.1477,2152.853,2146.9268,2147.93
23628.84375,23616.533,23517.736,23635.307,23587.91,23595.295,23524.814,23622.996,23570.674,23560.518,23542.512,23525.738,23637.77
16017.2958984375,16052.831,15999.527,16013.111,16003.142,16042.833,16020.284,16042.779,16045.062,16041.529,16069.675,16039.845,16043.812
14263.017578125,14297.207,14248.174,14263.265,14253.295,14292.655,14268.361,14289.34,14296.119,14295.525,14317.444,14287.51,14293.299
7187.162109375,7169.9917,7150.9985,7191.2783,7171.0503,7181.164,7147.0,7176.2246,7165.8755,7154.174,7152.4097,7138.8853,7189.9844
1074.9072265625,1074.8815,1072.8846,1075.6295,1073.4453,1074.4926,1072.2029,1073.9181,1074.0356,1074.9298,1075.4651,1074.5579,1075.4148
9461.306640625,9473.696,9429.243,9418.555,9433.603,9449.236,9436.6875,9457.105,9452.4795,9449.821,9478.801,9452.958,9451.735
737.2409057617188,732.51105,738.5943,737.227,737.64557,738.1478,745.5147,735.8876,736.37585,741.8452,734.60394,742.3754,732.9296
10636.0458984375,10627.034,10532.506,10509.976,10527.706,10540.538,10556.212,10611.165,10561.306,10578.84,10597.647,10562.285,10556.506
11389.423828125,11387.862,11294.749,11308.706,11303.045,11288.697,11290.259,11362.876,11321.395,11329.203,11331.35,11319.442,11340.817
14288.703125,14202.423,14335.1,14339.44,14328.316,14403.744,14521.227,14291.959,14359.79,14420.023,14218.16,14397.504,14277.308
7015.39013671875,7049.016,6977.856,6971.7354,6977.9297,7010.007,7000.7896,7015.685,7011.3345,7010.007,7061.847,7009.122,7010.671
1727.3326416015625,1733.5054,1723.1885,1722.5123,1723.0686,1728.2052,1726.9619,1729.0339,1728.0198,1728.2924,1735.054,1728.2379,1729.2739
1047.94091796875,1049.8844,1034.7745,1042.5105,1040.0715,1040.1477,1032.126,1049.0079,1042.9487,1042.0532,1041.0624,1041.8627,1045.178
814.868896484375,810.079,791.3725,813.76855,800.53156,799.7872,786.16187,793.994,791.82556,792.214,783.96106,779.5919,800.79047
10343.5947265625,10367.007,10313.885,10307.302,10305.813,10339.244,10329.283,10343.308,10339.931,10339.129,10376.854,10340.274,10343.4795
378.78448486328125,379.55527,374.4914,376.73206,373.26352,372.44794,369.2214,382.38742,373.5593,377.16223,374.85886,376.96506,382.31573
486.13262939453125,487.26608,479.5604,477.35745,478.40866,479.05765,478.60974,487.04672,480.1454,483.9297,485.03574,481.3794,484.16736
8613.931640625,8603.562,8638.089,8627.719,8625.522,8636.869,8661.88,8616.859,8627.719,8641.2,8615.518,8647.728,8617.104
10913.4462890625,10929.724,10884.961,10867.073,10872.082,10896.767,10892.25,10905.129,10900.881,10898.823,10937.595,10900.523,10897.706
9461.4111328125,9476.641,9432.421,9424.659,9440.595,9460.705,9438.948,9462.881,9460.117,9458.823,9489.225,9461.47,9458.706
10894.02734375,10853.066,10762.351,10886.559,10818.973,10832.947,10763.916,10772.35,10780.662,10779.096,10748.496,10738.737,10826.924
3671.5419921875,3662.9973,3604.5996,3600.0776,3609.3435,3639.6938,3625.989,3659.0024,3665.4387,3658.2256,3680.9744,3643.9106,3650.3467
1042.2718505859375,1036.8536,1046.6064,1043.1471,1041.8134,1045.898,1054.3588,1039.9795,1044.981,1050.0242,1040.2712,1051.1703,1041.2716
8136.29931640625,8131.9185,8109.0303,8113.552,8115.602,8117.034,8108.2163,8124.336,8119.2246,8118.073,8126.3857,8116.4443,8118.607
2144.861572265625,2150.2803,2141.4497,2141.126,2141.7917,2145.9714,2144.6396,2146.5447,2145.5366,2145.9158,2151.649,2145.731,2146.6926
22352.341796875,22313.285,22256.127,22359.533,22303.986,22299.77,22246.207,22261.086,22260.217,22266.045,22217.938,22196.115,22313.037
13793.041015625,13818.541,13762.261,13750.799,13750.219,13787.246,13777.973,13790.658,13786.537,13783.962,13826.784,13783.382,13792.783
12045.9384765625,12069.51,12019.143,12009.409,12007.826,12042.597,12032.922,12046.29,12040.603,12038.434,12077.719,12038.316,12047.287
6065.763671875,6055.647,6042.44,6066.3496,6053.37,6054.476,6036.747,6043.0254,6044.912,6038.634,6033.494,6026.9556,6054.476
6264.76416015625,6308.9604,6169.8066,6130.2544,6127.5317,6215.444,6218.6465,6246.189,6238.1826,6231.9375,6339.3853,6248.4307,6246.5093
7008.091796875,6995.196,6972.2026,7005.5757,6988.6216,6990.1943,6973.7124,6973.3037,6970.85,6974.719,6963.3325,6961.225,6982.6455
359.02978515625,355.9936,360.09683,360.7569,362.40698,361.0099,366.44977,359.61282,359.82184,364.0131,355.83957,362.71503,356.4336
7889.04296875,7877.6235,7806.855,7828.8896,7829.694,7827.6836,7807.3374,7864.435,7844.8125,7828.488,7856.8755,7826.477,7834.921
8252.966796875,8242.573,8179.0464,8195.181,8198.128,8197.8955,8178.038,8230.783,8212.943,8197.43,8227.215,8195.879,8204.178
10903.22265625,10818.604,10995.659,10967.377,10949.211,11001.868,11074.3,10896.324,10941.394,11043.718,10895.404,11025.552,10939.094
5368.9228515625,5398.2305,5337.288,5332.32,5338.043,5364.835,5357.665,5370.432,5366.5327,5365.212,5409.2993,5365.967,5366.03
11259.9541015625,11304.991,11236.353,11236.492,11240.263,11272.452,11262.956,11276.782,11269.59,11273.291,11314.767,11272.662,11277.829
1021.6593017578125,1023.6355,1010.0679,1020.53815,1015.8636,1015.44556,1006.3624,1022.9514,1017.8588,1017.23175,1014.60944,1017.17474,1021.8873
7947.56005859375,7899.76,7713.7256,7939.1626,7807.0654,7799.314,7662.3726,7738.9175,7718.5703,7723.092,7639.764,7595.8394,7809.6494
6713.6904296875,6727.723,6696.15,6689.7007,6689.594,6710.466,6703.5913,6713.6904,6709.651,6710.1113,6734.1724,6709.013,6712.6274
135.892822265625,133.64006,133.27393,136.5183,134.36217,132.95865,131.83482,133.8028,133.13155,133.79771,131.37207,133.4926,136.82341
234.9815216064453,234.86957,230.0605,230.10631,230.85947,230.48798,230.84929,235.09348,231.47015,232.57954,233.03754,231.73987,231.75513
4582.728515625,4571.6953,4607.829,4594.3135,4590.7275,4604.105,4634.1704,4585.211,4595.9683,4610.3115,4583.694,4618.1035,4584.7974
8123.36474609375,8113.2593,8080.9414,8079.0195,8086.747,8089.957,8068.28,8111.3174,8101.0137,8109.1772,8116.4297,8098.755,8116.1523
6239.5625,6245.028,6215.9805,6212.999,6222.7837,6233.6763,6219.267,6235.931,6233.141,6233.791,6251.7163,6234.0205,6232.377
8334.90625,8302.308,8240.766,8342.218,8300.4795,8282.91,8254.171,8247.265,8223.501,8253.866,8196.945,8181.712,8258.03
3002.688720703125,2974.5854,2946.557,2997.4568,2950.7922,2960.5337,2920.1958,2956.5225,2966.6128,2973.4893,2925.7346,2969.0793,2971.9446
8922.150390625,8872.245,8966.297,8933.283,8922.15,8962.074,9036.548,8902.188,8947.871,8997.392,8906.795,9006.797,8915.24
4536.00341796875,4521.15,4507.2017,4541.148,4521.476,4519.266,4505.499,4509.8105,4506.0786,4508.2886,4491.515,4483.6533,4521.4033
5435.931640625,5431.591,5413.6616,5421.626,5419.9272,5419.55,5413.5483,5426.382,5421.4185,5420.097,5423.872,5417.795,5419.6255
1424.4442138671875,1428.1267,1422.6459,1423.1006,1423.7673,1425.8435,1424.8029,1425.9747,1425.3687,1426.0,1429.0663,1425.5858,1425.7727
16247.537109375,16188.128,16134.066,16263.147,16194.776,16205.618,16127.128,16150.4,16159.073,16143.606,16106.892,16073.356,16224.12
9210.0576171875,9223.647,9189.154,9178.723,9178.323,9203.503,9198.428,9205.741,9203.104,9200.985,9228.283,9200.226,9205.781
8001.1630859375,8014.011,7982.8086,7972.5825,7971.796,7996.1064,7990.7124,7998.7656,7994.8325,7992.81,8019.1807,7992.398,7998.4287
11956.6015625,11960.24,11878.05,11916.163,11925.06,11915.3545,11891.9,11976.618,11913.534,11912.928,11913.534,11902.01,11943.863
4316.1142578125,4297.426,4282.5405,4319.589,4298.4585,4299.3506,4275.9194,4283.01,4285.17,4279.4883,4267.6084,4254.977,4302.497
3794.701904296875,3802.995,3788.3862,3790.4116,3791.73,3796.8953,3793.971,3796.6316,3797.878,3797.4585,3805.4878,3796.5955,3796.5476
24743.458984375,24868.719,24598.59,24617.967,24667.562,24758.223,24703.088,24770.91,24763.758,24752.916,24915.78,24725.926,24760.066
3752.990966796875,3738.995,3770.5989,3756.8286,3756.9417,3766.197,3790.7463,3744.7515,3755.5872,3777.2583,3750.5078,3777.8228,3749.4922
2613.272705078125,2609.2283,2622.3352,2617.9912,2617.6167,2617.6917,2638.1006,2607.0564,2620.912,2629.263,2609.3032,2623.4585,2610.951
2992.544677734375,2987.1587,3004.362,2996.8054,2997.529,2997.529,3019.556,2986.5154,3000.5034,3011.115,2989.2488,3005.6082,2991.4998
3635.58544921875,3703.735,3614.747,3599.7563,3655.4668,3717.982,3665.0354,3670.7766,3657.3806,3655.0415,3739.6707,3630.2695,3651.4268
1647.4197998046875,1651.8602,1640.9432,1640.0575,1639.7124,1645.6367,1643.4165,1646.4535,1645.6138,1646.0394,1653.4938,1644.0377,1645.3147
3556.46923828125,3568.3245,3545.345,3541.5015,3544.2083,3556.0364,3552.4634,3557.579,3556.0364,3552.7883,3572.0598,3554.8184,3556.4153
6020.97265625,6034.1377,5995.208,5990.4834,5991.6543,6011.523,6007.727,6015.0767,6013.502,6012.371,6040.518,6012.3306,6011.523
3628.802734375,3639.148,3620.3008,3617.1213,3620.4622,3631.3833,3625.4158,3631.9133,3631.7058,3628.8718,3643.2952,3631.199,3631.3833
3561.966796875,3528.7468,3604.165,3590.3982,3566.7551,3607.7563,3664.4697,3558.9739,3578.427,3606.559,3545.207,3630.0525,3546.105
2803.6689453125,2805.2864,2796.4856,2794.6516,2797.7593,2800.281,2796.0781,2801.784,2800.8032,2800.1409,2806.7766,2800.6377,2800.523
3224.64208984375,3234.436,3216.7603,3214.1685,3216.5903,3227.2551,3222.0503,3227.5952,3227.4253,3224.6633,3238.1326,3226.894,3227.2551
2543.19873046875,2536.585,2506.9688,2550.541,2521.522,2527.932,2510.3486,2542.2083,2535.5361,2539.5278,2530.758,2527.4656,2536.993
6733.140625,6718.0693,6603.818,6652.134,6650.0283,6648.698,6615.121,6701.89,6664.5454,6659.5586,6690.8086,6636.8413,6651.247
1487.736572265625,1482.376,1490.806,1488.169,1487.0017,1488.9038,1500.8788,1485.5319,1489.855,1494.2861,1485.8345,1495.7344,1485.4022
2708.72119140625,2713.8164,2703.614,2701.504,2703.1104,2708.0498,2706.719,2708.793,2707.918,2707.2585,2715.7585,2707.5461,2708.6133
7213.2412109375,7228.716,7186.4243,7181.061,7182.688,7204.273,7199.921,7208.0537,7206.2515,7205.1084,7235.838,7204.8887,7204.8887
8803.11328125,8798.558,8806.922,8805.086,8804.032,8807.058,8814.369,8802.025,8805.834,8810.373,8802.399,8812.227,8802.535
1294.8287353515625,1288.9318,1277.292,1293.423,1285.5204,1284.9718,1277.3778,1276.572,1274.875,1278.2863,1271.2065,1269.458,1280.6348
6100.27001953125,6094.332,6107.6807,6104.3926,6103.5093,6108.564,6116.4897,6098.749,6103.853,6112.0977,6099.1904,6113.0054,6099.7793
4585.08642578125,4598.4775,4574.5503,4571.696,4572.1367,4585.5796,4582.18,4587.604,4585.6836,4585.2686,4601.851,4585.761,4588.3047
4047.922607421875,4059.8882,4038.6694,4036.208,4036.5725,4048.5608,4045.4841,4050.407,4048.6748,4048.6292,4062.9878,4049.0623,4050.9539
1741.235107421875,1736.3623,1747.664,1745.5347,1745.3505,1748.5239,1754.2362,1739.4744,1743.2007,1750.6737,1738.7373,1750.1005,1738.5325
978.7168579101562,972.2896,986.3334,981.29785,979.1217,985.09344,994.45593,976.6419,981.7027,988.5348,976.23706,989.3192,978.3626
2313.568359375,2291.3506,2341.0845,2323.8228,2318.8665,2337.239,2366.3787,2304.6814,2322.7974,2351.168,2307.4158,2351.766,2312.0303
1994.58447265625,1981.4106,2005.898,2002.6296,1998.7076,2008.563,2026.9159,1991.3665,2002.0262,2013.8425,1986.4388,2018.0663,1992.0704
472.923583984375,469.91855,476.92224,474.2807,473.11746,476.21942,480.64218,471.76035,474.03836,477.3342,471.5907,477.80676,472.63278
6709.603515625,6643.2515,6795.915,6757.0747,6750.062,6804.2764,6891.936,6691.262,6741.97,6839.3403,6696.117,6844.1953,6697.1963
1201.2801513671875,1186.5095,1221.215,1207.3883,1203.1681,1215.1624,1234.875,1193.6172,1205.2782,1224.6022,1194.95,1223.6582,1199.7253
5741.767578125,5719.546,5750.449,5745.4316,5757.1396,5754.83,5778.1665,5730.856,5745.75,5762.954,5703.378,5755.228,5708.0767
524.6315307617188,517.092,532.9016,528.372,527.61224,533.486,543.3634,522.17676,529.07336,538.5708,523.81323,539.00916,524.5146
1112.2587890625,1100.0895,1132.4314,1118.0693,1112.6973,1128.1556,1149.0957,1108.5312,1116.2056,1132.1572,1105.7904,1134.5144,1110.0662
11267.302734375,11092.977,11434.484,11284.449,11224.436,11365.896,11656.678,11185.855,11328.746,11513.073,11162.993,11523.076,11218.721
3693.8994140625,3645.8357,3755.5051,3714.1167,3697.714,3742.3447,3812.3423,3673.6821,3712.5908,3772.48,3677.1152,3772.48,3690.085
2418.563232421875,2406.0444,2431.7666,2425.8005,2420.7148,2433.3315,2452.0605,2416.5093,2426.7786,2435.63,2413.8687,2442.916,2419.8347
838.6934814453125,829.9028,850.4145,841.9227,842.75995,848.97925,860.2218,836.48083,841.50415,850.9527,836.36127,853.255,840.48755
1687.8121337890625,1642.9812,1762.3981,1724.51,1728.0806,1762.3981,1811.7915,1679.084,1730.8577,1793.7401,1669.1655,1782.6316,1675.5133
2244.88671875,2216.311,2281.0986,2252.2769,2241.438,2270.506,2319.2815,2234.5403,2254.7402,2288.3657,2228.3818,2290.09,2237.989
4570.0,4518.726,4632.8716,4587.9053,4570.814,4618.0186,4693.7085,4549.6533,4589.126,4650.37,4547.6187,4649.963,4563.896
6001.0673828125,5969.268,6062.0166,6034.426,6026.9434,6060.6133,6122.4976,6007.9263,6034.426,6069.343,6005.432,6088.8276,6015.72
7253.1513671875,7272.1245,7236.606,7226.1753,7237.64,7252.971,7241.4165,7257.0176,7254.5,7249.5547,7279.138,7253.9604,7253.9155
11997.384765625,11966.343,11581.618,11603.5,11676.272,11723.6,11569.404,11829.959,11758.204,11729.197,11933.265,11717.493,11744.464
988.3699340820312,962.0771,903.84393,1006.70087,948.93066,940.691,915.5091,930.87744,883.1985,915.4165,865.46936,840.14856,902.45526
9945.5791015625,10453.759,9749.58,9645.815,9637.834,10160.203,9927.842,10164.638,9981.055,10028.059,10611.622,9994.357,10151.334
28312.63671875,28424.027,27379.734,28693.71,28211.504,27713.176,27666.273,28399.111,27425.902,28872.523,26542.834,26853.557,27694.121
4291.18994140625,4334.134,4228.9814,4236.0254,4257.582,4294.585,4264.966,4294.585,4287.7104,4299.3374,4354.672,4269.379,4270.0576
7913.37109375,8066.6084,7779.9272,7755.345,7776.4155,7921.9907,7862.9307,7918.479,7902.517,7880.4893,8097.256,7833.56,7920.3945
17956.3828125,18138.613,17692.646,17587.85,17739.805,17924.363,17760.764,17975.596,17949.98,17901.074,18238.752,17934.26,17920.87
5431.26025390625,5470.2856,5412.652,5395.324,5393.968,5438.945,5423.0483,5448.739,5431.034,5428.7744,5486.408,5430.3564,5436.6094
3427.848388671875,3452.5615,3371.8699,3360.6367,3384.6946,3418.4875,3398.455,3438.1455,3421.764,3415.024,3469.4111,3415.5857,3397.519
1755.4921875,1734.6748,1760.4315,1751.2534,1761.9355,1757.0646,1767.9689,1747.6301,1750.9116,1751.903,1729.3765,1742.4001,1736.8282
2357.55859375,2372.5315,2352.5598,2351.8088,2355.6812,2362.9094,2358.5676,2361.9707,2360.3748,2360.5156,2375.5825,2356.08,2363.238
3136.04150390625,3151.3381,3130.6548,3129.1558,3132.154,3141.022,3136.804,3140.971,3138.4048,3138.049,3154.3364,3133.9326,3141.835
10085.890625,10066.639,9902.996,9874.428,9935.444,9972.552,9943.208,10053.907,9969.446,10006.708,10053.597,9976.743,9953.455
10013.2431640625,9996.034,9964.688,10111.429,10027.072,10016.009,9945.636,9976.981,9984.51,10023.385,9961.923,9916.441,10087.766
1057.7783203125,1055.7527,1060.52,1059.1201,1059.2621,1059.8168,1062.3391,1056.9526,1058.2299,1061.6295,1057.4429,1060.5587,1057.7267
1785.7783203125,1783.7527,1788.52,1787.1201,1787.2621,1787.8168,1790.3391,1784.9526,1786.2299,1789.6295,1785.4429,1788.5587,1785.7267
7167.92529296875,7088.036,6860.924,7147.953,6979.9014,7009.0034,6865.2036,6872.3364,6874.9043,6896.5884,6823.8325,6790.736,6986.178
7600.29052734375,7537.9736,7547.631,7524.946,7587.809,7526.13,7600.9736,7537.245,7560.8413,7567.5835,7426.733,7505.4487,7456.6157
28293.76953125,28266.158,28025.031,28679.695,28344.693,28142.22,27963.676,28047.12,28091.91,28371.076,27793.72,27904.775,28222.596
1851.120361328125,1840.3746,1874.9862,1861.8662,1856.3684,1870.6128,1894.666,1849.1212,1858.7424,1875.7358,1846.2473,1879.6094,1849.2461
1927.5556640625,1904.2107,1952.2975,1927.1566,1925.7599,1935.936,1987.0157,1914.5862,1941.9219,1965.5663,1924.5627,1964.6683,1926.3585
3065.81396484375,3047.6423,3112.0442,3087.4592,3081.046,3104.2944,3162.6836,3065.0122,3093.071,3123.8022,3061.004,3127.1426,3062.8743
1413.7078857421875,1392.0236,1432.0562,1414.0786,1407.7771,1421.4921,1463.9341,1403.1438,1424.0868,1439.933,1402.0317,1447.2538,1405.1825
8089.69482421875,8169.1675,7860.696,8342.766,7941.9478,8018.4204,7802.016,7959.7056,8020.566,8089.067,8103.6494,8055.1914,8070.437
464.7930908203125,461.84854,466.88416,470.31946,463.68356,464.40903,476.89133,458.81866,465.39053,469.4446,460.22693,467.73764,458.81866
2985.11669921875,2943.493,2982.8994,2969.2935,2983.9072,2983.2017,3038.9353,2966.9756,2986.5276,3016.7627,2960.1223,3010.212,2951.757
560.6224365234375,553.4956,567.07587,562.0253,560.4541,567.0198,577.4575,557.1432,563.6528,571.2566,557.64825,572.5473,558.8828
1970.006591796875,1954.6243,1985.9995,1972.2041,1968.1754,1980.2616,2004.9224,1961.7051,1975.5004,1993.0803,1964.0247,1994.1791,1966.4663
1097.841796875,1080.9668,1113.8801,1098.2603,1094.3552,1109.9751,1138.0769,1087.8005,1104.3966,1125.595,1090.7292,1125.316,1093.7975
1936.7706298828125,1921.4849,1956.4022,1934.8224,1931.2258,1944.7131,1976.6332,1925.3812,1941.4163,1963.4456,1926.5801,1959.774,1930.0269
404.7605895996094,390.76196,422.69995,412.64215,410.1718,423.40576,442.87442,399.46698,410.99524,432.11078,401.1139,432.16962,402.29022
3281.836181640625,3263.4844,3319.4688,3295.7742,3290.896,3308.3184,3361.7473,3275.0996,3302.0461,3328.5283,3275.3318,3332.4775,3275.0996
1108.4869384765625,1083.4977,1141.7296,1112.1552,1110.7795,1123.3888,1178.6404,1093.3558,1122.701,1154.2242,1102.9847,1150.2122,1105.2773
381.8269958496094,375.50293,387.5024,380.63785,379.773,382.85397,396.31287,377.12448,383.44855,391.01578,378.47577,390.58337,378.5839
3886.25927734375,3840.7332,3968.8994,3908.5276,3897.146,3934.7546,4038.6733,3859.5374,3918.9194,3993.6418,3873.3933,3981.0232,3880.321
2471.000244140625,2449.416,2485.0767,2467.872,2468.8105,2478.977,2514.1685,2455.8289,2472.877,2497.824,2456.9236,2499.3098,2456.767
1076.260986328125,1061.0457,1089.8313,1073.1083,1068.5847,1076.9463,1111.4207,1066.8027,1081.881,1096.685,1067.7623,1096.2739,1065.9803
1436.552978515625,1419.9651,1458.2094,1438.396,1442.0823,1445.7684,1485.011,1423.6512,1445.922,1469.8822,1430.2557,1462.4331,1435.785
1154.3157958984375,1131.5674,1161.3569,1152.6135,1151.5303,1158.8036,1197.8782,1143.9475,1160.2737,1180.0044,1139.924,1184.1826,1139.7692
790.3484497070312,780.39,800.7773,794.5043,793.56335,801.79663,814.85236,786.11414,794.5043,807.952,787.604,808.73615,787.7608
2430.7158203125,2399.6562,2454.5034,2430.7158,2426.0322,2446.2456,2499.4902,2411.242,2437.618,2478.0444,2416.172,2478.0444,2416.172
1211.48681640625,1183.7292,1242.3287,1221.6206,1218.977,1242.7693,1280.771,1199.1501,1224.044,1261.9353,1206.4199,1262.9268,1207.7418
4054.188720703125,4014.1152,4078.285,4055.1055,4055.7603,4081.166,4125.43,4029.0447,4054.1887,4097.667,4026.1636,4099.893,4028.2588
16848.376953125,16965.455,16728.209,16559.629,16648.21,16864.857,16736.45,16875.844,16849.75,16859.707,17002.537,16884.428,16887.518
23014.76171875,22903.848,23196.45,23096.707,23066.082,23191.482,23333.852,23003.174,23066.91,23199.346,22997.38,23248.596,23039.594
3313.828125,3316.4138,3293.7212,3340.132,3319.2227,3313.8281,3288.5051,3302.95,3300.4087,3313.9172,3264.72,3290.1992,3315.3884
6811.591796875,6792.1846,6836.522,6818.6924,6813.643,6831.157,6859.1636,6800.8623,6817.4297,6843.543,6804.807,6843.07,6807.016
8671.8408203125,8665.688,8603.089,8611.856,8615.394,8622.93,8598.705,8641.849,8622.546,8620.315,8653.23,8614.086,8615.471
12277.90625,12286.462,12239.913,12234.613,12247.8955,12263.092,12242.148,12270.436,12263.73,12262.837,12294.124,12262.453,12261.177
5937.458984375,5932.442,5891.502,5893.3584,5894.161,5905.7007,5897.5225,5927.9263,5910.467,5918.996,5933.8467,5908.5103,5911.37
1914.704345703125,1928.3273,1911.7769,1911.9266,1920.5427,1926.2646,1918.4137,1921.2413,1920.4097,1917.9313,1927.5953,1917.0497,1920.942
2420.841552734375,2341.1694,2313.6582,2417.5403,2287.0276,2274.2625,2296.4915,2286.5874,2372.8623,2375.9434,2236.4072,2435.3674,2290.9893
4014.46923828125,4015.0305,4013.4045,4013.0671,4013.5903,4014.1536,4013.6543,4014.4512,4014.2854,4014.1057,4015.302,4014.2554,4014.1177
2144.0830078125,2150.5913,2137.533,2134.5142,2134.528,2143.072,2140.2056,2145.5647,2142.2966,2142.2551,2154.0256,2143.1135,2141.8396
6140.98828125,5992.9717,6149.841,6217.1206,6206.1436,6255.7183,6345.307,6125.407,6238.013,6259.968,6080.082,6270.945,6129.6567
800.8405151367188,821.7247,754.3699,898.76086,790.8825,752.0187,735.5603,773.59436,739.01794,804.57477,658.5242,683.97235,750.2207
4630.18017578125,4616.0986,4626.4136,4637.5024,4634.0176,4637.8545,4647.113,4626.836,4641.375,4639.0513,4620.464,4639.298,4626.2725
4389.59619140625,4387.9595,4391.914,4390.414,4390.4336,4391.403,4392.8003,4388.7095,4389.625,4392.0845,4389.3037,4391.5,4389.479
2466.289794921875,2555.9075,2410.2788,2432.5544,2461.2683,2500.7979,2464.4873,2485.8616,2497.1926,2487.6643,2583.72,2464.4873,2482.7712
3913.31591796875,3935.1733,3884.492,3868.1672,3876.9102,3914.409,3902.4558,3934.4902,3918.507,3912.9062,3958.9429,3923.4932,3914.6821
2243.37109375,2267.6348,2219.4067,2326.6729,2234.835,2272.1665,2211.1929,2235.417,2244.2996,2259.2637,2234.8584,2218.6277,2246.833
2151.614501953125,2145.766,2157.1487,2175.7004,2155.8281,2160.6074,2188.781,2127.6545,2137.4648,2168.028,2135.704,2143.3135,2131.4277
3197.70751953125,3181.146,3105.752,3194.4338,3135.5051,3146.8672,3096.5083,3116.3438,3113.84,3115.2844,3103.6335,3083.8945,3142.2454
1402.8975830078125,1419.9408,1385.7708,1464.2784,1394.603,1424.3734,1382.5448,1394.933,1404.8868,1419.212,1395.3661,1386.9415,1403.8414
1290.814208984375,1282.298,1301.7837,1302.339,1300.2562,1300.3951,1323.2595,1278.1323,1285.4453,1305.579,1282.0203,1295.9055,1282.9459
7743.05859375,7720.9785,7723.422,7763.148,7763.5103,7719.078,7684.872,7708.6714,7714.463,7720.798,7667.0,7667.95,7712.02
7402.30419921875,7371.2295,7321.17,7404.5024,7377.2246,7354.243,7325.167,7319.172,7307.0815,7334.659,7278.655,7255.6733,7329.4634
987.80224609375,993.87976,982.50305,984.88153,986.6829,989.9097,986.7179,988.87787,989.9447,989.77856,995.69867,988.36194,988.80786
6378.0302734375,6440.932,6296.4907,6267.913,6266.5156,6348.987,6352.8696,6373.216,6364.363,6360.014,6466.0933,6377.254,6364.8286
846.6900024414062,850.09955,835.08905,864.5048,841.9337,850.5428,830.09033,843.23785,842.9821,845.6245,848.46295,836.38043,849.6393
8754.01953125,8800.833,8702.624,8991.78,8677.69,8835.486,8689.023,8683.997,8759.046,8805.884,8699.372,8692.571,8731.5
11188.736328125,11418.547,11128.923,11106.536,11154.457,11267.788,11199.58,11277.932,11241.555,11244.003,11483.606,11207.625,11287.727
3223.43603515625,3216.904,3232.8384,3226.9001,3226.801,3231.2053,3241.7703,3220.7144,3224.7722,3234.3723,3221.8525,3234.7434,3223.4856
1358.88623046875,1373.6298,1341.6355,1417.3085,1350.4535,1378.759,1337.8403,1351.8119,1359.5359,1374.5728,1350.5131,1343.1765,1359.9327
1244.1763916015625,1235.8872,1254.6047,1255.2286,1253.3568,1253.4014,1275.3276,1231.698,1238.6503,1258.259,1235.6198,1248.722,1236.3328
5375.5966796875,5392.414,5362.289,5359.266,5359.127,5376.1875,5371.4272,5377.16,5374.867,5372.1567,5396.0273,5371.045,5378.411
1713.261474609375,1699.4269,1723.6274,1714.9556,1714.4716,1721.6511,1735.7278,1704.9124,1708.623,1726.0072,1702.815,1724.8375,1700.3949
2170.985595703125,2166.3503,2176.5288,2171.5652,2170.7153,2174.5396,2182.188,2167.741,2171.9514,2179.6965,2169.2473,2178.6729,2169.6338
338.2449645996094,339.1413,335.25394,334.87885,335.8044,337.27557,335.74594,338.16702,337.47528,337.14404,339.531,337.4704,337.1197
568.0942993164062,569.5159,567.2025,566.24866,566.6251,568.11255,567.5351,568.679,568.23315,567.7288,570.4661,568.91656,568.1162
217.677001953125,45.29358,461.88696,369.5387,377.06335,478.98853,624.0095,157.47961,291.55566,530.2931,98.65039,474.88416,108.22717
10547.6171875,10644.739,10504.998,10445.578,10522.21,10666.868,10561.141,10637.362,10549.052,10561.141,10663.18,10531.84,10576.303
2193.546142578125,2193.0571,2189.389,2198.7854,2188.5085,2194.0842,2195.0967,2189.8096,2194.231,2188.0684,2178.1987,2183.021,2185.2708
7795.74267578125,7798.618,7780.367,7778.3936,7784.2173,7788.6763,7783.8516,7794.3296,7791.1616,7788.871,7801.4937,7788.8955,7788.7495
9921.271484375,9982.227,9861.4,9840.404,9847.3125,9908.132,9896.077,9921.813,9910.435,9900.276,10002.545,9914.499,9911.79
15078.228515625,15004.152,14763.405,15085.915,14906.666,14925.185,14748.031,14745.586,14775.286,14799.3955,14699.8125,14645.304,14894.087
9023.826171875,9262.124,8859.571,8853.613,8929.358,9139.996,9004.252,9096.592,9077.443,9054.039,9389.783,8997.018,9087.656
19146.921875,19536.084,18936.545,18895.545,18985.611,19328.396,19110.627,19301.512,19212.79,19197.332,19692.018,19109.283,19243.707
1802.7454833984375,1801.1686,1754.7635,1830.2281,1779.3928,1787.8027,1754.651,1778.642,1746.5789,1803.7968,1727.769,1767.9792,1780.9697
1648.2335205078125,1660.9442,1577.8302,1616.8755,1598.837,1637.1212,1581.7881,1638.7196,1614.5922,1659.8787,1697.3256,1626.9984,1629.51
2803.779296875,2768.7737,2672.7756,2815.7026,2757.9204,2731.3223,2686.839,2685.0046,2633.9485,2694.7878,2602.1528,2574.8667,2683.0176
3200.118408203125,3189.9248,3091.585,3270.4753,3173.9346,3129.5615,3084.1895,3093.1838,3085.7883,3197.1204,2945.0745,3003.8386,3129.3618
5537.158203125,5370.6846,5409.344,5630.6514,5528.4795,5359.6387,5225.1187,5365.1616,5381.73,5371.079,5145.038,5266.54,5434.197
3053.784423828125,2921.9846,3058.9463,3033.481,3110.3928,3024.878,3143.0847,2971.5386,3037.9546,3045.8696,2758.5254,2969.1296,2820.8118
3435.864013671875,3382.1882,3331.4941,3484.2642,3409.4849,3329.8884,3260.385,3313.8315,3309.4734,3398.0156,3152.4597,3236.9878,3346.863
1835.120361328125,1786.8817,1815.7103,1795.6914,1843.1422,1763.962,1771.8048,1817.9307,1804.1788,1788.7798,1671.9612,1743.5671,1749.6731
2297.96240234375,2206.9526,2273.0479,2249.9866,2296.1091,2258.4287,2345.5264,2232.4849,2270.783,2288.6968,2122.5317,2240.721,2148.2698
3113.953857421875,3060.442,2985.856,3154.0361,3058.9958,3017.8804,2942.2615,2994.327,2989.575,3074.0781,2840.8162,2926.9724,3052.1777
4967.15673828125,4797.4033,4943.383,4926.282,5043.2744,4882.28,5054.7446,4880.612,4951.099,4907.0967,4578.851,4832.4385,4721.911
3126.954833984375,3081.562,3071.137,3141.2893,3142.3752,3014.2332,3004.0251,3093.7246,3035.0833,3105.2358,2844.499,2916.7146,3034.4316
2996.62353515625,2926.4277,2994.4058,2960.285,3093.369,2906.2043,2981.099,2984.117,2998.296,2974.846,2736.782,2836.763,2870.9746
2164.042724609375,2095.1445,2178.588,2161.9375,2197.7263,2184.7122,2237.3428,2136.6748,2172.2722,2188.7314,2040.4087,2166.5308,2065.0972
3501.730712890625,3432.1228,3434.654,3540.7112,3517.4243,3355.0479,3370.3616,3482.7468,3395.9268,3500.9714,3171.0295,3243.9915,3394.408
2080.551025390625,2011.6936,2088.133,2081.3247,2117.7651,2082.5627,2140.666,2064.6133,2098.2683,2080.8606,1957.0719,2066.9343,2007.5157
6184.01123046875,6110.601,5979.432,6316.671,6180.657,6051.3516,5919.0645,5905.277,5935.8335,6047.2524,5669.769,5758.457,6011.1064
4832.2822265625,4710.658,4787.411,4860.228,4843.697,4659.883,4607.5337,4755.1353,4732.306,4778.752,4412.0103,4587.853,4672.085
4788.84716796875,4766.98,4659.546,4853.815,4799.9395,4645.2847,4616.1284,4741.627,4590.141,4798.672,4375.748,4443.4097,4686.1665
3859.29541015625,3857.004,3732.1118,3728.2925,3724.2822,3819.9563,3712.2512,3860.8232,3764.194,3770.3052,3810.0261,3749.4897,3794.7488
1647.059326171875,1557.57,1699.9099,1658.0834,1758.5968,1689.2101,1795.7219,1601.3419,1654.5167,1701.6932,1437.6023,1622.7416,1460.623
8080.51171875,8056.5293,7481.5547,7978.587,7724.375,7727.3726,7400.0146,7882.6577,7816.7065,7694.9966,7683.0054,7549.3047,7930.622
5070.3330078125,5037.734,4778.751,5095.688,4958.6504,4972.2334,4782.373,4985.213,4946.5767,4930.881,4888.6226,4859.0415,5096.2915
3001.316162109375,2908.7507,2974.9023,3052.0403,3018.8477,2919.2695,2819.8083,2938.671,2951.527,2948.7222,2818.172,2907.3481,2964.6172
3704.44873046875,3598.468,3692.5571,3682.9604,3811.8896,3654.7964,3832.1262,3641.8616,3649.5808,3718.635,3399.4412,3607.6475,3454.935
3304.37744140625,3272.9368,3323.6033,3310.521,3440.7646,3276.9119,3400.949,3315.0745,3310.9546,3327.181,3115.4443,3192.6365,3165.3157
2301.296875,2247.2468,2249.9258,2335.6494,2307.4424,2242.3618,2170.1902,2231.9614,2234.7979,2248.0347,2148.05,2191.4634,2257.332
2240.35205078125,2140.1223,2047.5696,2230.5425,2139.909,2089.1543,1986.7919,2115.3848,2093.206,2137.1367,1990.2039,2085.7422,2207.5107
6032.82861328125,5880.2817,5981.597,6084.442,6038.181,5853.519,5734.999,5893.663,5925.7783,5906.28,5667.9014,5805.346,5902.839
2150.516357421875,2070.444,2086.597,2057.7275,2106.5212,2038.9287,2096.5095,2073.485,2096.7861,2088.927,1962.2332,2046.5115,2039.0077
4538.6728515625,4368.5874,4270.926,4570.13,4351.396,4224.838,4135.7715,4408.8228,4322.8657,4387.242,4130.468,4396.3867,4551.1094
2382.38818359375,2385.8406,2379.2812,2442.3438,2355.9204,2335.149,2294.6704,2382.7336,2389.293,2385.1501,2285.378,2427.6138,2351.2598
3808.43603515625,3795.7883,3634.6367,3669.7456,3641.1787,3647.9387,3623.7334,3798.8413,3692.4243,3694.169,3711.1782,3691.9883,3743.016
3604.361083984375,3537.7869,3474.9114,3640.1138,3561.2112,3497.1028,3397.2415,3466.5278,3440.8845,3534.5815,3276.0518,3365.1873,3496.363
8886.6787109375,8729.689,8701.929,8992.455,8748.355,8643.536,8487.982,8674.646,8699.057,8730.646,8320.941,8646.408,8763.672
2554.914306640625,2494.185,2489.2876,2588.2173,2518.5095,2475.248,2421.5388,2477.6968,2462.3513,2503.817,2343.2603,2444.7202,2503.817
9350.88671875,9115.877,8789.049,9314.815,9134.459,9039.908,8804.898,8904.914,8927.868,8989.627,8654.055,8805.991,9161.785
3506.28466796875,3478.9856,3466.56,3555.4226,3518.3337,3431.7302,3393.7002,3466.1833,3433.048,3511.9326,3278.8093,3364.9893,3459.594
6047.2236328125,5967.205,5901.701,6121.2876,6026.01,5897.6074,5761.761,5859.2725,5850.3403,5973.1597,5616.611,5770.3213,5937.8027
2959.40185546875,2904.6426,2941.1177,2910.4263,2990.0933,2879.4084,2925.7253,2951.566,2929.6433,2932.442,2776.6995,2826.812,2869.8464
2514.97705078125,2460.0288,2398.0989,2515.753,2469.3376,2443.609,2399.133,2398.4866,2418.268,2454.9866,2329.5103,2372.2407,2454.728
3183.402099609375,3024.8167,3076.004,3072.6553,3097.2922,3086.5286,3186.5115,3088.6814,3139.1511,3134.1282,2946.1218,3108.7734,2996.5918
3866.5703125,3862.693,3872.58,3965.8267,3868.8967,3816.7485,3782.4353,3873.7432,3807.2493,3890.415,3657.444,3739.3984,3855.3264
1679.685791015625,1627.4644,1676.8025,1701.3113,1701.3113,1604.2369,1586.0555,1647.1675,1649.0898,1638.0367,1525.1038,1585.8954,1616.091
1478.1279296875,1432.9343,1471.8486,1462.12,1475.74,1477.951,1508.4634,1458.2286,1473.2637,1488.9178,1423.0288,1481.3119,1433.3765
2145.61962890625,2103.446,2126.5735,2173.5083,2161.6726,2098.9565,2053.6543,2114.7378,2109.704,2126.0293,2001.8218,2064.5376,2097.8684
4005.364990234375,3928.0908,3876.079,4029.1418,3982.8267,3898.122,3802.2722,3852.3025,3849.3303,3935.521,3703.0786,3784.192,3918.1836
6385.09375,6305.0244,6166.2373,6471.3223,6351.0127,6227.008,6091.0957,6095.6123,6074.671,6267.6587,5817.012,5974.0713,6238.505
5079.72900390625,4989.091,4852.8228,5110.1484,5028.512,4955.877,4843.2,4851.581,4869.2744,4993.7466,4687.2217,4769.9443,4984.124
1330.6466064453125,1292.9865,1248.4423,1329.3507,1306.1068,1281.8099,1245.9316,1303.92,1278.4894,1277.1935,1262.2104,1274.8448,1340.8513
3452.305419921875,3388.322,3444.6375,3416.1025,3490.0164,3331.504,3383.7966,3434.8325,3410.1946,3402.5266,3200.772,3285.2764,3331.6926
3459.59716796875,3412.4373,3424.2273,3512.532,3515.9004,3359.984,3343.622,3431.6863,3403.0535,3453.8225,3179.4043,3257.0017,3380.1953
3103.133544921875,3083.7788,3061.7236,3181.902,3094.3564,3144.9934,2998.0337,3158.9468,3056.3225,3098.1824,2988.3564,3076.1272,3261.5708
5060.77734375,4847.365,5119.361,5053.006,5223.0776,5097.2427,5278.971,4955.566,5084.0913,5086.4824,4607.651,4988.4443,4712.2646
3332.552734375,3190.0938,3276.0422,3252.1238,3315.2053,3259.746,3369.0876,3242.9243,3288.9214,3287.3445,3073.6555,3231.6223,3132.7944
4412.3271484375,4394.164,4337.5796,4441.9004,4406.506,4273.7764,4275.6396,4418.6143,4292.0557,4455.6387,4116.2515,4221.034,4316.8555
2952.296142578125,2933.1077,2854.5269,2969.8855,2920.7725,2900.3276,2867.319,2877.0276,2825.059,2876.6848,2801.302,2786.3398,2854.07
5728.11474609375,5761.2666,5452.0884,5754.781,5606.6777,5592.2637,5395.1533,5669.0176,5614.966,5612.083,5592.2637,5525.96,5777.122
1583.81787109375,1544.922,1571.405,1556.8484,1617.4441,1533.7163,1580.9534,1550.9392,1563.8745,1560.2354,1439.7466,1502.297,1480.4619
1146.643798828125,1139.1357,1108.5704,1153.4854,1134.3821,1126.3854,1113.5461,1117.2336,1097.1085,1117.1892,1087.8678,1082.0924,1108.3927
1739.3753662109375,1715.1274,1639.8002,1744.1454,1693.7616,1690.1841,1628.5707,1682.7308,1684.1221,1675.7744,1664.843,1651.3279,1727.2515
3295.18115234375,3234.7444,3310.7136,3324.6528,3339.1897,3213.3376,3242.0127,3313.1033,3253.0647,3316.2893,3106.8762,3164.8489,3238.528
2376.872802734375,2361.3335,2297.981,2391.0327,2351.403,2334.9443,2308.2793,2316.095,2274.3503,2315.727,2255.1333,2243.2258,2297.7053
4305.611328125,4220.269,4261.4404,4386.3184,4303.157,4199.2744,4090.4832,4223.541,4239.0825,4275.6187,4070.4426,4193.821,4246.9897
3441.51513671875,3374.559,3428.0503,3395.966,3489.2732,3362.0935,3393.8096,3421.6333,3421.2651,3392.81,3222.3958,3310.3118,3334.5227
5558.435546875,5462.9224,5337.6743,5572.8525,5487.552,5410.6606,5315.448,5348.7876,5355.696,5464.7246,5185.695,5270.0947,5471.3325
3732.802734375,3731.3936,3535.281,3608.3242,3608.3242,3697.3381,3549.373,3712.1348,3660.6992,3662.813,3734.6816,3625.939,3608.559
